[{"model": "contenttypes.contenttype", "pk": 1, "fields": {"app_label": "admin", "model": "logentry"}}, {"model": "contenttypes.contenttype", "pk": 2, "fields": {"app_label": "auth", "model": "permission"}}, {"model": "contenttypes.contenttype", "pk": 3, "fields": {"app_label": "auth", "model": "group"}}, {"model": "contenttypes.contenttype", "pk": 4, "fields": {"app_label": "auth", "model": "user"}}, {"model": "contenttypes.contenttype", "pk": 5, "fields": {"app_label": "contenttypes", "model": "contenttype"}}, {"model": "contenttypes.contenttype", "pk": 6, "fields": {"app_label": "sessions", "model": "session"}}, {"model": "contenttypes.contenttype", "pk": 7, "fields": {"app_label": "blog", "model": "blog"}}, {"model": "contenttypes.contenttype", "pk": 8, "fields": {"app_label": "blog", "model": "blogtype"}}, {"model": "contenttypes.contenttype", "pk": 9, "fields": {"app_label": "blog", "model": "readnum"}}, {"model": "contenttypes.contenttype", "pk": 10, "fields": {"app_label": "read_statistics", "model": "readnum"}}, {"model": "contenttypes.contenttype", "pk": 11, "fields": {"app_label": "read_statistics", "model": "readdetaill"}}, {"model": "contenttypes.contenttype", "pk": 12, "fields": {"app_label": "comment", "model": "comment"}}, {"model": "contenttypes.contenttype", "pk": 13, "fields": {"app_label": "likes", "model": "likecount"}}, {"model": "contenttypes.contenttype", "pk": 14, "fields": {"app_label": "likes", "model": "likerecord"}}, {"model": "contenttypes.contenttype", "pk": 15, "fields": {"app_label": "user", "model": "profile"}}, {"model": "sessions.session", "pk": "6r6b0gmi13w53evpw1t62mml297pdxgj", "fields": {"session_data": "NmU4ZDNlOGNlMjE4YTM0YjhjYjBhYWEwZDVkODNiODBkMDlmOTBhNDp7Il9hdXRoX3VzZXJfaWQiOiIyIiwiX2F1dGhfdXNlcl9iYWNrZW5kIjoiZGphbmdvLmNvbnRyaWIuYXV0aC5iYWNrZW5kcy5Nb2RlbEJhY2tlbmQiLCJfYXV0aF91c2VyX2hhc2giOiJiNjdmNDg0ODc5NWQxOTFkNjc5NmEzNTU5Njk1MzkxNTlmMDk0MzFkIn0=", "expire_date": "2020-12-13T18:08:23.230Z"}}, {"model": "sessions.session", "pk": "axys6o8myvmwwqvgnk2ut77wu2g21y3s", "fields": {"session_data": "ODdiOTY1MTI1Y2Y5Y2Q0ZWMxMjNmMWFiMjQ2NWE5ZmRhYTU2YjQzNjp7Il9hdXRoX3VzZXJfaWQiOiIxIiwiX2F1dGhfdXNlcl9iYWNrZW5kIjoiZGphbmdvLmNvbnRyaWIuYXV0aC5iYWNrZW5kcy5Nb2RlbEJhY2tlbmQiLCJfYXV0aF91c2VyX2hhc2giOiJmMDhmOWZmYTY3YzAzMjA3NTBiNGE3YzIwMzJmMmViMmJmZjg5OWRkIn0=", "expire_date": "2020-12-12T16:49:07.925Z"}}, {"model": "sessions.session", "pk": "ijthmxmy84u5a41fsetcvq46r9apz3no", "fields": {"session_data": "ODdiOTY1MTI1Y2Y5Y2Q0ZWMxMjNmMWFiMjQ2NWE5ZmRhYTU2YjQzNjp7Il9hdXRoX3VzZXJfaWQiOiIxIiwiX2F1dGhfdXNlcl9iYWNrZW5kIjoiZGphbmdvLmNvbnRyaWIuYXV0aC5iYWNrZW5kcy5Nb2RlbEJhY2tlbmQiLCJfYXV0aF91c2VyX2hhc2giOiJmMDhmOWZmYTY3YzAzMjA3NTBiNGE3YzIwMzJmMmViMmJmZjg5OWRkIn0=", "expire_date": "2020-12-11T21:04:53.590Z"}}, {"model": "sessions.session", "pk": "km1d3c24v55xc58kbsmdklkhx231ifkp", "fields": {"session_data": "ZWVlMWExY2M1NjZkZDA2NmIzM2I2NTEzOWI3YzY1YzZjYzY5Mzg4Njp7Il9hdXRoX3VzZXJfaWQiOiIzIiwiX2F1dGhfdXNlcl9iYWNrZW5kIjoiZGphbmdvLmNvbnRyaWIuYXV0aC5iYWNrZW5kcy5Nb2RlbEJhY2tlbmQiLCJfYXV0aF91c2VyX2hhc2giOiJhYjkzYzZkNWQ2OTJmZjg1NGQ4YjU1NTM0MDNmNzdkMDUxNjkwODIzIiwiYmluZF9lbWFpbF9jb2RlIjoicUFUSiIsInNlbmRfY29kZV90aW1lIjoxNjA2NzIxNDQ2fQ==", "expire_date": "2020-12-14T15:30:46.784Z"}}, {"model": "sessions.session", "pk": "lhvtd5p71ffw423s0h44wd0651ct4fph", "fields": {"session_data": "ODdiOTY1MTI1Y2Y5Y2Q0ZWMxMjNmMWFiMjQ2NWE5ZmRhYTU2YjQzNjp7Il9hdXRoX3VzZXJfaWQiOiIxIiwiX2F1dGhfdXNlcl9iYWNrZW5kIjoiZGphbmdvLmNvbnRyaWIuYXV0aC5iYWNrZW5kcy5Nb2RlbEJhY2tlbmQiLCJfYXV0aF91c2VyX2hhc2giOiJmMDhmOWZmYTY3YzAzMjA3NTBiNGE3YzIwMzJmMmViMmJmZjg5OWRkIn0=", "expire_date": "2020-12-11T22:08:27.799Z"}}, {"model": "sessions.session", "pk": "nrg0zecv9asccbxh11bpncjllglasaz0", "fields": {"session_data": "ZjI2NDc4NWQzN2FiNzRkOWI1ZTE2ZWQ4M2NkNzA4ZDQ5NjdkOWI3ZTp7Il9hdXRoX3VzZXJfaWQiOiIzIiwiX2F1dGhfdXNlcl9iYWNrZW5kIjoiZGphbmdvLmNvbnRyaWIuYXV0aC5iYWNrZW5kcy5Nb2RlbEJhY2tlbmQiLCJfYXV0aF91c2VyX2hhc2giOiJhYjkzYzZkNWQ2OTJmZjg1NGQ4YjU1NTM0MDNmNzdkMDUxNjkwODIzIn0=", "expire_date": "2020-12-12T16:05:35.678Z"}}, {"model": "sessions.session", "pk": "q1s3zzt0en9z26278mle4ihnj03xfv16", "fields": {"session_data": "ODdiOTY1MTI1Y2Y5Y2Q0ZWMxMjNmMWFiMjQ2NWE5ZmRhYTU2YjQzNjp7Il9hdXRoX3VzZXJfaWQiOiIxIiwiX2F1dGhfdXNlcl9iYWNrZW5kIjoiZGphbmdvLmNvbnRyaWIuYXV0aC5iYWNrZW5kcy5Nb2RlbEJhY2tlbmQiLCJfYXV0aF91c2VyX2hhc2giOiJmMDhmOWZmYTY3YzAzMjA3NTBiNGE3YzIwMzJmMmViMmJmZjg5OWRkIn0=", "expire_date": "2020-12-14T20:05:32.138Z"}}, {"model": "sessions.session", "pk": "wg71gml5j2u3vbokjm8r0qoevexuq1zh", "fields": {"session_data": "ODdiOTY1MTI1Y2Y5Y2Q0ZWMxMjNmMWFiMjQ2NWE5ZmRhYTU2YjQzNjp7Il9hdXRoX3VzZXJfaWQiOiIxIiwiX2F1dGhfdXNlcl9iYWNrZW5kIjoiZGphbmdvLmNvbnRyaWIuYXV0aC5iYWNrZW5kcy5Nb2RlbEJhY2tlbmQiLCJfYXV0aF91c2VyX2hhc2giOiJmMDhmOWZmYTY3YzAzMjA3NTBiNGE3YzIwMzJmMmViMmJmZjg5OWRkIn0=", "expire_date": "2020-12-03T14:28:25.471Z"}}, {"model": "blog.blogtype", "pk": 1, "fields": {"type_name": "Django", "created_time": "2020-11-19T14:29:44.604Z"}}, {"model": "blog.blogtype", "pk": 2, "fields": {"type_name": "\u968f\u7b14", "created_time": "2020-11-19T14:29:55.268Z"}}, {"model": "blog.blogtype", "pk": 3, "fields": {"type_name": "\u611f\u609f", "created_time": "2020-11-19T14:29:59.775Z"}}, {"model": "read_statistics.readnum", "pk": 1, "fields": {"read_num": 27, "content_type": 7, "object_id": 36}}, {"model": "read_statistics.readnum", "pk": 2, "fields": {"read_num": 7, "content_type": 7, "object_id": 35}}, {"model": "read_statistics.readnum", "pk": 3, "fields": {"read_num": 3, "content_type": 7, "object_id": 34}}, {"model": "read_statistics.readnum", "pk": 4, "fields": {"read_num": 3, "content_type": 7, "object_id": 33}}, {"model": "read_statistics.readnum", "pk": 5, "fields": {"read_num": 2, "content_type": 7, "object_id": 32}}, {"model": "read_statistics.readnum", "pk": 6, "fields": {"read_num": 2, "content_type": 7, "object_id": 30}}, {"model": "read_statistics.readnum", "pk": 7, "fields": {"read_num": 1, "content_type": 7, "object_id": 28}}, {"model": "read_statistics.readnum", "pk": 8, "fields": {"read_num": 1, "content_type": 7, "object_id": 27}}, {"model": "read_statistics.readnum", "pk": 9, "fields": {"read_num": 1, "content_type": 7, "object_id": 1}}, {"model": "read_statistics.readnum", "pk": 10, "fields": {"read_num": 1, "content_type": 7, "object_id": 26}}, {"model": "read_statistics.readnum", "pk": 11, "fields": {"read_num": 1, "content_type": 7, "object_id": 21}}, {"model": "read_statistics.readnum", "pk": 12, "fields": {"read_num": 1, "content_type": 7, "object_id": 20}}, {"model": "read_statistics.readnum", "pk": 13, "fields": {"read_num": 1, "content_type": 7, "object_id": 16}}, {"model": "read_statistics.readnum", "pk": 14, "fields": {"read_num": 3, "content_type": 7, "object_id": 31}}, {"model": "read_statistics.readdetaill", "pk": 1, "fields": {"date": "2020-11-23", "read_num": 4, "content_type": 7, "object_id": 36}}, {"model": "read_statistics.readdetaill", "pk": 2, "fields": {"date": "2020-11-24", "read_num": 1, "content_type": 7, "object_id": 21}}, {"model": "read_statistics.readdetaill", "pk": 3, "fields": {"date": "2020-11-24", "read_num": 1, "content_type": 7, "object_id": 20}}, {"model": "read_statistics.readdetaill", "pk": 4, "fields": {"date": "2020-11-24", "read_num": 1, "content_type": 7, "object_id": 16}}, {"model": "read_statistics.readdetaill", "pk": 5, "fields": {"date": "2020-11-24", "read_num": 1, "content_type": 7, "object_id": 36}}, {"model": "read_statistics.readdetaill", "pk": 6, "fields": {"date": "2020-11-27", "read_num": 6, "content_type": 7, "object_id": 36}}, {"model": "read_statistics.readdetaill", "pk": 7, "fields": {"date": "2020-11-27", "read_num": 3, "content_type": 7, "object_id": 35}}, {"model": "read_statistics.readdetaill", "pk": 8, "fields": {"date": "2020-11-27", "read_num": 1, "content_type": 7, "object_id": 32}}, {"model": "read_statistics.readdetaill", "pk": 9, "fields": {"date": "2020-11-27", "read_num": 1, "content_type": 7, "object_id": 33}}, {"model": "read_statistics.readdetaill", "pk": 10, "fields": {"date": "2020-11-27", "read_num": 1, "content_type": 7, "object_id": 34}}, {"model": "read_statistics.readdetaill", "pk": 11, "fields": {"date": "2020-11-28", "read_num": 4, "content_type": 7, "object_id": 36}}, {"model": "read_statistics.readdetaill", "pk": 12, "fields": {"date": "2020-11-28", "read_num": 2, "content_type": 7, "object_id": 35}}, {"model": "read_statistics.readdetaill", "pk": 13, "fields": {"date": "2020-11-29", "read_num": 2, "content_type": 7, "object_id": 36}}, {"model": "read_statistics.readdetaill", "pk": 14, "fields": {"date": "2020-11-29", "read_num": 2, "content_type": 7, "object_id": 31}}, {"model": "read_statistics.readdetaill", "pk": 15, "fields": {"date": "2020-11-29", "read_num": 1, "content_type": 7, "object_id": 30}}, {"model": "read_statistics.readdetaill", "pk": 16, "fields": {"date": "2020-11-30", "read_num": 2, "content_type": 7, "object_id": 36}}, {"model": "read_statistics.readdetaill", "pk": 17, "fields": {"date": "2020-11-30", "read_num": 1, "content_type": 7, "object_id": 31}}, {"model": "read_statistics.readdetaill", "pk": 18, "fields": {"date": "2020-11-30", "read_num": 1, "content_type": 7, "object_id": 35}}, {"model": "likes.likecount", "pk": 1, "fields": {"content_type": 7, "object_id": 36, "like_num": 2}}, {"model": "likes.likecount", "pk": 2, "fields": {"content_type": 7, "object_id": 35, "like_num": 1}}, {"model": "likes.likecount", "pk": 3, "fields": {"content_type": 7, "object_id": 34, "like_num": 0}}, {"model": "likes.likecount", "pk": 4, "fields": {"content_type": 7, "object_id": 33, "like_num": 0}}, {"model": "likes.likecount", "pk": 5, "fields": {"content_type": 7, "object_id": 32, "like_num": 0}}, {"model": "likes.likecount", "pk": 6, "fields": {"content_type": 7, "object_id": 31, "like_num": 2}}, {"model": "likes.likecount", "pk": 7, "fields": {"content_type": 7, "object_id": 30, "like_num": 0}}, {"model": "likes.likecount", "pk": 8, "fields": {"content_type": 7, "object_id": 29, "like_num": 0}}, {"model": "likes.likecount", "pk": 9, "fields": {"content_type": 7, "object_id": 28, "like_num": 0}}, {"model": "likes.likecount", "pk": 10, "fields": {"content_type": 7, "object_id": 27, "like_num": 0}}, {"model": "likes.likecount", "pk": 11, "fields": {"content_type": 7, "object_id": 26, "like_num": 0}}, {"model": "likes.likecount", "pk": 12, "fields": {"content_type": 7, "object_id": 25, "like_num": 0}}, {"model": "likes.likecount", "pk": 13, "fields": {"content_type": 7, "object_id": 24, "like_num": 0}}, {"model": "likes.likecount", "pk": 14, "fields": {"content_type": 7, "object_id": 23, "like_num": 0}}, {"model": "likes.likecount", "pk": 15, "fields": {"content_type": 12, "object_id": 54, "like_num": 0}}, {"model": "likes.likecount", "pk": 16, "fields": {"content_type": 12, "object_id": 47, "like_num": 0}}, {"model": "likes.likecount", "pk": 17, "fields": {"content_type": 12, "object_id": 38, "like_num": 0}}, {"model": "likes.likecount", "pk": 18, "fields": {"content_type": 12, "object_id": 33, "like_num": 0}}, {"model": "likes.likecount", "pk": 19, "fields": {"content_type": 12, "object_id": 32, "like_num": 0}}, {"model": "likes.likecount", "pk": 20, "fields": {"content_type": 12, "object_id": 31, "like_num": 0}}, {"model": "likes.likecount", "pk": 21, "fields": {"content_type": 12, "object_id": 28, "like_num": 0}}, {"model": "likes.likecount", "pk": 22, "fields": {"content_type": 12, "object_id": 66, "like_num": 1}}, {"model": "likes.likecount", "pk": 23, "fields": {"content_type": 12, "object_id": 64, "like_num": 1}}, {"model": "likes.likecount", "pk": 24, "fields": {"content_type": 12, "object_id": 63, "like_num": 1}}, {"model": "likes.likecount", "pk": 25, "fields": {"content_type": 12, "object_id": 62, "like_num": 0}}, {"model": "likes.likecount", "pk": 26, "fields": {"content_type": 12, "object_id": 61, "like_num": 0}}, {"model": "likes.likecount", "pk": 27, "fields": {"content_type": 12, "object_id": 59, "like_num": 0}}, {"model": "likes.likecount", "pk": 28, "fields": {"content_type": 12, "object_id": 56, "like_num": 0}}, {"model": "likes.likecount", "pk": 29, "fields": {"content_type": 12, "object_id": 55, "like_num": 0}}, {"model": "likes.likecount", "pk": 30, "fields": {"content_type": 12, "object_id": 48, "like_num": 0}}, {"model": "likes.likecount", "pk": 31, "fields": {"content_type": 12, "object_id": 49, "like_num": 0}}, {"model": "likes.likecount", "pk": 32, "fields": {"content_type": 12, "object_id": 50, "like_num": 0}}, {"model": "likes.likecount", "pk": 33, "fields": {"content_type": 12, "object_id": 51, "like_num": 1}}, {"model": "likes.likecount", "pk": 34, "fields": {"content_type": 12, "object_id": 52, "like_num": 0}}, {"model": "likes.likecount", "pk": 35, "fields": {"content_type": 12, "object_id": 53, "like_num": 0}}, {"model": "likes.likecount", "pk": 36, "fields": {"content_type": 12, "object_id": 60, "like_num": 0}}, {"model": "likes.likecount", "pk": 37, "fields": {"content_type": 12, "object_id": 65, "like_num": 0}}, {"model": "likes.likecount", "pk": 38, "fields": {"content_type": 12, "object_id": 46, "like_num": 0}}, {"model": "likes.likecount", "pk": 39, "fields": {"content_type": 12, "object_id": 45, "like_num": 1}}, {"model": "likes.likecount", "pk": 40, "fields": {"content_type": 12, "object_id": 43, "like_num": 0}}, {"model": "likes.likecount", "pk": 41, "fields": {"content_type": 12, "object_id": 44, "like_num": 0}}, {"model": "likes.likecount", "pk": 42, "fields": {"content_type": 12, "object_id": 35, "like_num": 0}}, {"model": "likes.likecount", "pk": 43, "fields": {"content_type": 12, "object_id": 36, "like_num": 0}}, {"model": "likes.likecount", "pk": 44, "fields": {"content_type": 12, "object_id": 37, "like_num": 0}}, {"model": "likes.likecount", "pk": 45, "fields": {"content_type": 12, "object_id": 41, "like_num": 0}}, {"model": "likes.likecount", "pk": 46, "fields": {"content_type": 12, "object_id": 30, "like_num": 0}}, {"model": "likes.likecount", "pk": 47, "fields": {"content_type": 12, "object_id": 29, "like_num": 0}}, {"model": "likes.likecount", "pk": 48, "fields": {"content_type": 12, "object_id": 42, "like_num": 0}}, {"model": "likes.likecount", "pk": 49, "fields": {"content_type": 12, "object_id": 27, "like_num": 0}}, {"model": "likes.likecount", "pk": 50, "fields": {"content_type": 12, "object_id": 26, "like_num": 0}}, {"model": "likes.likecount", "pk": 51, "fields": {"content_type": 12, "object_id": 25, "like_num": 0}}, {"model": "likes.likecount", "pk": 52, "fields": {"content_type": 12, "object_id": 24, "like_num": 0}}, {"model": "likes.likecount", "pk": 53, "fields": {"content_type": 12, "object_id": 23, "like_num": 0}}, {"model": "likes.likecount", "pk": 54, "fields": {"content_type": 12, "object_id": 22, "like_num": 0}}, {"model": "likes.likecount", "pk": 55, "fields": {"content_type": 12, "object_id": 21, "like_num": 0}}, {"model": "likes.likecount", "pk": 56, "fields": {"content_type": 12, "object_id": 20, "like_num": 0}}, {"model": "likes.likecount", "pk": 57, "fields": {"content_type": 12, "object_id": 19, "like_num": 0}}, {"model": "likes.likecount", "pk": 58, "fields": {"content_type": 12, "object_id": 18, "like_num": 0}}, {"model": "likes.likecount", "pk": 59, "fields": {"content_type": 12, "object_id": 17, "like_num": 0}}, {"model": "likes.likecount", "pk": 60, "fields": {"content_type": 12, "object_id": 16, "like_num": 0}}, {"model": "likes.likecount", "pk": 61, "fields": {"content_type": 12, "object_id": 15, "like_num": 0}}, {"model": "likes.likecount", "pk": 62, "fields": {"content_type": 12, "object_id": 14, "like_num": 0}}, {"model": "likes.likecount", "pk": 63, "fields": {"content_type": 12, "object_id": 13, "like_num": 0}}, {"model": "likes.likecount", "pk": 64, "fields": {"content_type": 12, "object_id": 12, "like_num": 0}}, {"model": "likes.likecount", "pk": 65, "fields": {"content_type": 12, "object_id": 11, "like_num": 0}}, {"model": "likes.likecount", "pk": 66, "fields": {"content_type": 12, "object_id": 10, "like_num": 0}}, {"model": "likes.likecount", "pk": 67, "fields": {"content_type": 12, "object_id": 9, "like_num": 0}}, {"model": "likes.likecount", "pk": 68, "fields": {"content_type": 12, "object_id": 8, "like_num": 0}}, {"model": "likes.likecount", "pk": 69, "fields": {"content_type": 12, "object_id": 7, "like_num": 0}}, {"model": "likes.likecount", "pk": 70, "fields": {"content_type": 12, "object_id": 6, "like_num": 0}}, {"model": "likes.likecount", "pk": 71, "fields": {"content_type": 12, "object_id": 5, "like_num": 0}}, {"model": "likes.likecount", "pk": 72, "fields": {"content_type": 12, "object_id": 4, "like_num": 0}}, {"model": "likes.likecount", "pk": 73, "fields": {"content_type": 12, "object_id": 3, "like_num": 0}}, {"model": "likes.likecount", "pk": 74, "fields": {"content_type": 12, "object_id": 2, "like_num": 0}}, {"model": "likes.likecount", "pk": 75, "fields": {"content_type": 12, "object_id": 1, "like_num": 0}}, {"model": "likes.likecount", "pk": 76, "fields": {"content_type": 12, "object_id": 67, "like_num": 0}}, {"model": "likes.likecount", "pk": 77, "fields": {"content_type": 12, "object_id": 68, "like_num": 1}}, {"model": "likes.likecount", "pk": 78, "fields": {"content_type": 12, "object_id": 69, "like_num": 1}}, {"model": "likes.likecount", "pk": 79, "fields": {"content_type": 12, "object_id": 70, "like_num": 0}}, {"model": "likes.likecount", "pk": 80, "fields": {"content_type": 12, "object_id": 71, "like_num": 1}}, {"model": "likes.likecount", "pk": 81, "fields": {"content_type": 12, "object_id": 72, "like_num": 0}}, {"model": "likes.likecount", "pk": 82, "fields": {"content_type": 12, "object_id": 73, "like_num": 1}}, {"model": "likes.likecount", "pk": 83, "fields": {"content_type": 12, "object_id": 39, "like_num": 1}}, {"model": "likes.likecount", "pk": 84, "fields": {"content_type": 12, "object_id": 40, "like_num": 1}}, {"model": "likes.likecount", "pk": 85, "fields": {"content_type": 12, "object_id": 74, "like_num": 1}}, {"model": "likes.likecount", "pk": 86, "fields": {"content_type": 12, "object_id": 75, "like_num": 2}}, {"model": "likes.likecount", "pk": 87, "fields": {"content_type": 12, "object_id": 77, "like_num": 0}}, {"model": "likes.likecount", "pk": 88, "fields": {"content_type": 12, "object_id": 76, "like_num": 0}}, {"model": "likes.likecount", "pk": 89, "fields": {"content_type": 12, "object_id": 78, "like_num": 0}}, {"model": "likes.likecount", "pk": 90, "fields": {"content_type": 12, "object_id": 79, "like_num": 1}}, {"model": "likes.likecount", "pk": 91, "fields": {"content_type": 12, "object_id": 80, "like_num": 0}}, {"model": "likes.likecount", "pk": 92, "fields": {"content_type": 12, "object_id": 81, "like_num": 0}}, {"model": "auth.permission", "pk": 1, "fields": {"name": "Can add log entry", "content_type": 1, "codename": "add_logentry"}}, {"model": "auth.permission", "pk": 2, "fields": {"name": "Can change log entry", "content_type": 1, "codename": "change_logentry"}}, {"model": "auth.permission", "pk": 3, "fields": {"name": "Can delete log entry", "content_type": 1, "codename": "delete_logentry"}}, {"model": "auth.permission", "pk": 4, "fields": {"name": "Can add permission", "content_type": 2, "codename": "add_permission"}}, {"model": "auth.permission", "pk": 5, "fields": {"name": "Can change permission", "content_type": 2, "codename": "change_permission"}}, {"model": "auth.permission", "pk": 6, "fields": {"name": "Can delete permission", "content_type": 2, "codename": "delete_permission"}}, {"model": "auth.permission", "pk": 7, "fields": {"name": "Can add group", "content_type": 3, "codename": "add_group"}}, {"model": "auth.permission", "pk": 8, "fields": {"name": "Can change group", "content_type": 3, "codename": "change_group"}}, {"model": "auth.permission", "pk": 9, "fields": {"name": "Can delete group", "content_type": 3, "codename": "delete_group"}}, {"model": "auth.permission", "pk": 10, "fields": {"name": "Can add user", "content_type": 4, "codename": "add_user"}}, {"model": "auth.permission", "pk": 11, "fields": {"name": "Can change user", "content_type": 4, "codename": "change_user"}}, {"model": "auth.permission", "pk": 12, "fields": {"name": "Can delete user", "content_type": 4, "codename": "delete_user"}}, {"model": "auth.permission", "pk": 13, "fields": {"name": "Can add content type", "content_type": 5, "codename": "add_contenttype"}}, {"model": "auth.permission", "pk": 14, "fields": {"name": "Can change content type", "content_type": 5, "codename": "change_contenttype"}}, {"model": "auth.permission", "pk": 15, "fields": {"name": "Can delete content type", "content_type": 5, "codename": "delete_contenttype"}}, {"model": "auth.permission", "pk": 16, "fields": {"name": "Can add session", "content_type": 6, "codename": "add_session"}}, {"model": "auth.permission", "pk": 17, "fields": {"name": "Can change session", "content_type": 6, "codename": "change_session"}}, {"model": "auth.permission", "pk": 18, "fields": {"name": "Can delete session", "content_type": 6, "codename": "delete_session"}}, {"model": "auth.permission", "pk": 19, "fields": {"name": "Can add blog", "content_type": 7, "codename": "add_blog"}}, {"model": "auth.permission", "pk": 20, "fields": {"name": "Can change blog", "content_type": 7, "codename": "change_blog"}}, {"model": "auth.permission", "pk": 21, "fields": {"name": "Can delete blog", "content_type": 7, "codename": "delete_blog"}}, {"model": "auth.permission", "pk": 22, "fields": {"name": "Can add blog type", "content_type": 8, "codename": "add_blogtype"}}, {"model": "auth.permission", "pk": 23, "fields": {"name": "Can change blog type", "content_type": 8, "codename": "change_blogtype"}}, {"model": "auth.permission", "pk": 24, "fields": {"name": "Can delete blog type", "content_type": 8, "codename": "delete_blogtype"}}, {"model": "auth.permission", "pk": 25, "fields": {"name": "Can add read num", "content_type": 9, "codename": "add_readnum"}}, {"model": "auth.permission", "pk": 26, "fields": {"name": "Can change read num", "content_type": 9, "codename": "change_readnum"}}, {"model": "auth.permission", "pk": 27, "fields": {"name": "Can delete read num", "content_type": 9, "codename": "delete_readnum"}}, {"model": "auth.permission", "pk": 28, "fields": {"name": "Can add read num", "content_type": 10, "codename": "add_readnum"}}, {"model": "auth.permission", "pk": 29, "fields": {"name": "Can change read num", "content_type": 10, "codename": "change_readnum"}}, {"model": "auth.permission", "pk": 30, "fields": {"name": "Can delete read num", "content_type": 10, "codename": "delete_readnum"}}, {"model": "auth.permission", "pk": 31, "fields": {"name": "Can add read detaill", "content_type": 11, "codename": "add_readdetaill"}}, {"model": "auth.permission", "pk": 32, "fields": {"name": "Can change read detaill", "content_type": 11, "codename": "change_readdetaill"}}, {"model": "auth.permission", "pk": 33, "fields": {"name": "Can delete read detaill", "content_type": 11, "codename": "delete_readdetaill"}}, {"model": "auth.permission", "pk": 34, "fields": {"name": "Can add comment", "content_type": 12, "codename": "add_comment"}}, {"model": "auth.permission", "pk": 35, "fields": {"name": "Can change comment", "content_type": 12, "codename": "change_comment"}}, {"model": "auth.permission", "pk": 36, "fields": {"name": "Can delete comment", "content_type": 12, "codename": "delete_comment"}}, {"model": "auth.permission", "pk": 37, "fields": {"name": "Can add like count", "content_type": 13, "codename": "add_likecount"}}, {"model": "auth.permission", "pk": 38, "fields": {"name": "Can change like count", "content_type": 13, "codename": "change_likecount"}}, {"model": "auth.permission", "pk": 39, "fields": {"name": "Can delete like count", "content_type": 13, "codename": "delete_likecount"}}, {"model": "auth.permission", "pk": 40, "fields": {"name": "Can add like record", "content_type": 14, "codename": "add_likerecord"}}, {"model": "auth.permission", "pk": 41, "fields": {"name": "Can change like record", "content_type": 14, "codename": "change_likerecord"}}, {"model": "auth.permission", "pk": 42, "fields": {"name": "Can delete like record", "content_type": 14, "codename": "delete_likerecord"}}, {"model": "auth.permission", "pk": 43, "fields": {"name": "Can add profile", "content_type": 15, "codename": "add_profile"}}, {"model": "auth.permission", "pk": 44, "fields": {"name": "Can change profile", "content_type": 15, "codename": "change_profile"}}, {"model": "auth.permission", "pk": 45, "fields": {"name": "Can delete profile", "content_type": 15, "codename": "delete_profile"}}, {"model": "auth.user", "pk": 1, "fields": {"password": "pbkdf2_sha256$100000$5X0lPUaTTF5p$Mjtr5WlAHeg3a5FcQ9cd5D0UAqhUmB+AWMpm6x/NMLc=", "last_login": "2020-11-30T20:05:32.134Z", "is_superuser": true, "username": "pengjie", "first_name": "", "last_name": "", "email": "123@qq.com", "is_staff": true, "is_active": true, "date_joined": "2020-11-19T14:24:12.890Z", "groups": [], "user_permissions": []}}, {"model": "auth.user", "pk": 2, "fields": {"password": "pbkdf2_sha256$100000$32FW5B9h3Pi5$dkPKTn4YCVCy/ijogWWqhQLBIRCDPrFp4Vuon0U0DLg=", "last_login": "2020-11-30T19:09:59.620Z", "is_superuser": false, "username": "test01", "first_name": "", "last_name": "", "email": "1@qq.com", "is_staff": false, "is_active": true, "date_joined": "2020-11-27T14:14:27.625Z", "groups": [], "user_permissions": []}}, {"model": "auth.user", "pk": 3, "fields": {"password": "pbkdf2_sha256$100000$iSURqY1b5a0u$v5+hdouqMf8CvElCUwUxWEK7FBOgXC2fwc2dudNLzOc=", "last_login": "2020-11-30T15:30:00Z", "is_superuser": false, "username": "test02", "first_name": "", "last_name": "", "email": "", "is_staff": false, "is_active": true, "date_joined": "2020-11-27T19:56:00Z", "groups": [], "user_permissions": []}}, {"model": "auth.user", "pk": 4, "fields": {"password": "pbkdf2_sha256$100000$YoVaZh4tRoFT$Zeytp+5Jo3ljEos6MLnP1XuScuXnuHHsKG9NYU6IyQI=", "last_login": "2020-11-30T20:04:37.251Z", "is_superuser": false, "username": "test03", "first_name": "", "last_name": "", "email": "1210063841@qq.com", "is_staff": false, "is_active": true, "date_joined": "2020-11-30T16:25:04.547Z", "groups": [], "user_permissions": []}}, {"model": "blog.blog", "pk": 1, "fields": {"title": "\u7b2c\u4e00\u7bc7\u535a\u5ba2", "blog_type": 2, "content": "123", "author": 1, "created_time": "2018-11-19T14:31:58.497Z", "last_updated_time": "2020-11-19T14:31:58.497Z"}}, {"model": "blog.blog", "pk": 2, "fields": {"title": "\u7b2c\u4e8c\u7bc7\u535a\u5ba2", "blog_type": 2, "content": "1231ed32r34fi53uic1231ed32r34fi53uic1231ed32r34fi53uic1231ed32r34fi53uic", "author": 1, "created_time": "2019-11-21T06:25:35.858Z", "last_updated_time": "2020-11-21T06:25:35.858Z"}}, {"model": "blog.blog", "pk": 3, "fields": {"title": "\u957f\u5185\u5bb9\u7684\u535a\u5ba2", "blog_type": 2, "content": "<h1>1.\u6d4b\u8bd5</h1>\r\n\r\n<p>\u963f\u65af\u8482\u82ac\u963f\u65af\u8482\u82ac<span style=\"color:#2ecc71\">\u5565\u90fd\u597d\u6492\u65e6\u6cd5\u963f\u65af</span><br />\r\n\u8482\u82ac\u7231\u4ed5\u8fbe\u54c8\u54c8\u662f\u7684\u54c7\u53d1\u6492\u65e6\u6cd5\u662f</p>\r\n\r\n<p>&nbsp;</p>\r\n\r\n<p>&nbsp;</p>", "author": 1, "created_time": "2020-11-21T06:29:23.255Z", "last_updated_time": "2020-11-21T14:34:44.850Z"}}, {"model": "blog.blog", "pk": 4, "fields": {"title": "Dajngo1", "blog_type": 1, "content": "\u5410\u820c\u5934\u3001\u5410\u820c\u5934\u3001\u5410\u820c\u5934\u3001\u5410\u820c\u5934\u3001\u5410\u820c\u5934\u3001\u5410\u820c\u5934\u3001\u5410\u820c\u5934\u3001", "author": 1, "created_time": "2020-11-21T06:43:27.097Z", "last_updated_time": "2020-11-21T06:43:27.097Z"}}, {"model": "blog.blog", "pk": 5, "fields": {"title": "shell\u4e0b\u7b2c1\u904d", "blog_type": 1, "content": "xxxxxxxxxxxxx", "author": 1, "created_time": "2020-11-21T11:49:08.710Z", "last_updated_time": "2020-11-21T11:49:08.710Z"}}, {"model": "blog.blog", "pk": 6, "fields": {"title": "for 1", "blog_type": 1, "content": "xxxxx:1", "author": 1, "created_time": "2020-11-21T11:54:19.559Z", "last_updated_time": "2020-11-21T11:54:19.559Z"}}, {"model": "blog.blog", "pk": 7, "fields": {"title": "for 2", "blog_type": 1, "content": "xxxxx:2", "author": 1, "created_time": "2020-11-21T11:54:19.564Z", "last_updated_time": "2020-11-21T11:54:19.564Z"}}, {"model": "blog.blog", "pk": 8, "fields": {"title": "for 3", "blog_type": 1, "content": "xxxxx:3", "author": 1, "created_time": "2020-11-21T11:54:19.568Z", "last_updated_time": "2020-11-21T11:54:19.568Z"}}, {"model": "blog.blog", "pk": 9, "fields": {"title": "for 4", "blog_type": 1, "content": "xxxxx:4", "author": 1, "created_time": "2020-11-21T11:54:19.571Z", "last_updated_time": "2020-11-21T11:54:19.571Z"}}, {"model": "blog.blog", "pk": 10, "fields": {"title": "for 5", "blog_type": 1, "content": "xxxxx:5", "author": 1, "created_time": "2020-11-21T11:54:19.575Z", "last_updated_time": "2020-11-21T11:54:19.575Z"}}, {"model": "blog.blog", "pk": 11, "fields": {"title": "for 6", "blog_type": 1, "content": "xxxxx:6", "author": 1, "created_time": "2020-11-21T11:54:19.579Z", "last_updated_time": "2020-11-21T11:54:19.579Z"}}, {"model": "blog.blog", "pk": 12, "fields": {"title": "for 7", "blog_type": 1, "content": "xxxxx:7", "author": 1, "created_time": "2020-11-21T11:54:19.582Z", "last_updated_time": "2020-11-21T11:54:19.582Z"}}, {"model": "blog.blog", "pk": 13, "fields": {"title": "for 8", "blog_type": 1, "content": "xxxxx:8", "author": 1, "created_time": "2020-11-21T11:54:19.586Z", "last_updated_time": "2020-11-21T11:54:19.586Z"}}, {"model": "blog.blog", "pk": 14, "fields": {"title": "for 9", "blog_type": 1, "content": "xxxxx:9", "author": 1, "created_time": "2020-11-21T11:54:19.590Z", "last_updated_time": "2020-11-21T11:54:19.590Z"}}, {"model": "blog.blog", "pk": 15, "fields": {"title": "for 10", "blog_type": 1, "content": "xxxxx:10", "author": 1, "created_time": "2020-11-21T11:54:19.594Z", "last_updated_time": "2020-11-21T11:54:19.594Z"}}, {"model": "blog.blog", "pk": 16, "fields": {"title": "for 11", "blog_type": 1, "content": "xxxxx:11", "author": 1, "created_time": "2020-11-21T11:54:19.598Z", "last_updated_time": "2020-11-21T11:54:19.598Z"}}, {"model": "blog.blog", "pk": 17, "fields": {"title": "for 12", "blog_type": 1, "content": "xxxxx:12", "author": 1, "created_time": "2020-11-21T11:54:19.601Z", "last_updated_time": "2020-11-21T11:54:19.601Z"}}, {"model": "blog.blog", "pk": 18, "fields": {"title": "for 13", "blog_type": 1, "content": "xxxxx:13", "author": 1, "created_time": "2020-11-21T11:54:19.606Z", "last_updated_time": "2020-11-21T11:54:19.606Z"}}, {"model": "blog.blog", "pk": 19, "fields": {"title": "for 14", "blog_type": 1, "content": "xxxxx:14", "author": 1, "created_time": "2020-11-21T11:54:19.610Z", "last_updated_time": "2020-11-21T11:54:19.610Z"}}, {"model": "blog.blog", "pk": 20, "fields": {"title": "for 15", "blog_type": 1, "content": "xxxxx:15", "author": 1, "created_time": "2020-11-21T11:54:19.615Z", "last_updated_time": "2020-11-21T11:54:19.615Z"}}, {"model": "blog.blog", "pk": 21, "fields": {"title": "for 16", "blog_type": 1, "content": "xxxxx:16", "author": 1, "created_time": "2020-11-21T11:54:19.619Z", "last_updated_time": "2020-11-21T11:54:19.619Z"}}, {"model": "blog.blog", "pk": 22, "fields": {"title": "for 17", "blog_type": 1, "content": "xxxxx:17", "author": 1, "created_time": "2020-11-21T11:54:19.624Z", "last_updated_time": "2020-11-21T11:54:19.624Z"}}, {"model": "blog.blog", "pk": 23, "fields": {"title": "for 18", "blog_type": 1, "content": "xxxxx:18", "author": 1, "created_time": "2020-11-21T11:54:19.627Z", "last_updated_time": "2020-11-21T11:54:19.628Z"}}, {"model": "blog.blog", "pk": 24, "fields": {"title": "for 19", "blog_type": 1, "content": "xxxxx:19", "author": 1, "created_time": "2020-11-21T11:54:19.631Z", "last_updated_time": "2020-11-21T11:54:19.631Z"}}, {"model": "blog.blog", "pk": 25, "fields": {"title": "for 20", "blog_type": 1, "content": "xxxxx:20", "author": 1, "created_time": "2020-11-21T11:54:19.634Z", "last_updated_time": "2020-11-21T11:54:19.634Z"}}, {"model": "blog.blog", "pk": 26, "fields": {"title": "for 21", "blog_type": 1, "content": "xxxxx:21", "author": 1, "created_time": "2020-11-21T11:54:19.638Z", "last_updated_time": "2020-11-21T11:54:19.638Z"}}, {"model": "blog.blog", "pk": 27, "fields": {"title": "for 22", "blog_type": 1, "content": "xxxxx:22", "author": 1, "created_time": "2020-11-21T11:54:19.642Z", "last_updated_time": "2020-11-21T11:54:19.642Z"}}, {"model": "blog.blog", "pk": 28, "fields": {"title": "for 23", "blog_type": 1, "content": "xxxxx:23", "author": 1, "created_time": "2020-11-21T11:54:19.646Z", "last_updated_time": "2020-11-21T11:54:19.646Z"}}, {"model": "blog.blog", "pk": 29, "fields": {"title": "for 24", "blog_type": 1, "content": "xxxxx:24", "author": 1, "created_time": "2020-11-21T11:54:19.650Z", "last_updated_time": "2020-11-21T11:54:19.650Z"}}, {"model": "blog.blog", "pk": 30, "fields": {"title": "for 25", "blog_type": 1, "content": "xxxxx:25", "author": 1, "created_time": "2020-11-21T11:54:19.653Z", "last_updated_time": "2020-11-21T11:54:19.653Z"}}, {"model": "blog.blog", "pk": 31, "fields": {"title": "for 26", "blog_type": 1, "content": "xxxxx:26", "author": 1, "created_time": "2020-11-21T11:54:19.658Z", "last_updated_time": "2020-11-21T11:54:19.658Z"}}, {"model": "blog.blog", "pk": 32, "fields": {"title": "for 27", "blog_type": 1, "content": "xxxxx:27", "author": 1, "created_time": "2020-11-21T11:54:19.662Z", "last_updated_time": "2020-11-21T11:54:19.662Z"}}, {"model": "blog.blog", "pk": 33, "fields": {"title": "for 28", "blog_type": 1, "content": "xxxxx:28", "author": 1, "created_time": "2020-11-21T11:54:19.666Z", "last_updated_time": "2020-11-21T11:54:19.666Z"}}, {"model": "blog.blog", "pk": 34, "fields": {"title": "for 29", "blog_type": 1, "content": "xxxxx:29", "author": 1, "created_time": "2020-11-21T11:54:19.670Z", "last_updated_time": "2020-11-21T11:54:19.670Z"}}, {"model": "blog.blog", "pk": 35, "fields": {"title": "for 30", "blog_type": 1, "content": "xxxxx:30", "author": 1, "created_time": "2020-11-21T11:54:19.675Z", "last_updated_time": "2020-11-21T11:54:19.675Z"}}, {"model": "blog.blog", "pk": 36, "fields": {"title": "\u6709\u56fe\u50cf\u7684", "blog_type": 1, "content": "<p><img alt=\"\" src=\"/media/upload/2020/11/23/123.png\" style=\"height:176px; width:180px\" /></p>", "author": 1, "created_time": "2020-11-23T11:15:38.232Z", "last_updated_time": "2020-11-24T05:26:31.169Z"}}, {"model": "comment.comment", "pk": 1, "fields": {"content_type": 7, "object_id": 36, "text": "dwef234rf34d1", "comment_time": "2020-11-24T12:54:54.288Z", "user": 1, "root": null, "parent": null, "reply_to": null}}, {"model": "comment.comment", "pk": 2, "fields": {"content_type": 7, "object_id": 36, "text": "123", "comment_time": "2020-11-24T13:05:17.257Z", "user": 1, "root": null, "parent": null, "reply_to": null}}, {"model": "comment.comment", "pk": 3, "fields": {"content_type": 7, "object_id": 36, "text": "456", "comment_time": "2020-11-24T13:06:06.513Z", "user": 1, "root": null, "parent": null, "reply_to": null}}, {"model": "comment.comment", "pk": 4, "fields": {"content_type": 7, "object_id": 36, "text": "edr24r3", "comment_time": "2020-11-24T21:12:17.562Z", "user": 1, "root": null, "parent": null, "reply_to": null}}, {"model": "comment.comment", "pk": 5, "fields": {"content_type": 7, "object_id": 36, "text": "123 123123", "comment_time": "2020-11-24T21:18:22.048Z", "user": 1, "root": null, "parent": null, "reply_to": null}}, {"model": "comment.comment", "pk": 6, "fields": {"content_type": 7, "object_id": 36, "text": "r34343c  2534324234", "comment_time": "2020-11-24T21:20:53.224Z", "user": 1, "root": null, "parent": null, "reply_to": null}}, {"model": "comment.comment", "pk": 7, "fields": {"content_type": 7, "object_id": 36, "text": "peihui", "comment_time": "2020-11-24T21:27:44.668Z", "user": 1, "root": null, "parent": null, "reply_to": null}}, {"model": "comment.comment", "pk": 8, "fields": {"content_type": 7, "object_id": 36, "text": "\u6d4b\u8bd5\u6570\u636e", "comment_time": "2020-11-27T14:17:45.311Z", "user": 2, "root": null, "parent": null, "reply_to": null}}, {"model": "comment.comment", "pk": 9, "fields": {"content_type": 7, "object_id": 36, "text": "<h1>123123</h1>", "comment_time": "2020-11-27T14:17:54.295Z", "user": 2, "root": null, "parent": null, "reply_to": null}}, {"model": "comment.comment", "pk": 10, "fields": {"content_type": 7, "object_id": 36, "text": "y54g645vf4v5645", "comment_time": "2020-11-27T14:38:01.096Z", "user": 2, "root": null, "parent": null, "reply_to": null}}, {"model": "comment.comment", "pk": 11, "fields": {"content_type": 7, "object_id": 36, "text": "123123", "comment_time": "2020-11-27T14:57:23.532Z", "user": 2, "root": null, "parent": null, "reply_to": null}}, {"model": "comment.comment", "pk": 12, "fields": {"content_type": 7, "object_id": 36, "text": "<p><strong>asdfsadf</strong></p>", "comment_time": "2020-11-27T15:13:56.191Z", "user": 2, "root": null, "parent": null, "reply_to": null}}, {"model": "comment.comment", "pk": 13, "fields": {"content_type": 7, "object_id": 36, "text": "<p>123123</p>", "comment_time": "2020-11-27T15:41:47.887Z", "user": 2, "root": null, "parent": null, "reply_to": null}}, {"model": "comment.comment", "pk": 14, "fields": {"content_type": 7, "object_id": 36, "text": "<p>123123</p>", "comment_time": "2020-11-27T15:41:49.975Z", "user": 2, "root": null, "parent": null, "reply_to": null}}, {"model": "comment.comment", "pk": 15, "fields": {"content_type": 7, "object_id": 36, "text": "<p>1231e1d3d12</p>", "comment_time": "2020-11-27T15:44:47.154Z", "user": 2, "root": null, "parent": null, "reply_to": null}}, {"model": "comment.comment", "pk": 16, "fields": {"content_type": 7, "object_id": 36, "text": "<p>123d1d2ed1</p>", "comment_time": "2020-11-27T15:47:09.094Z", "user": 2, "root": null, "parent": null, "reply_to": null}}, {"model": "comment.comment", "pk": 17, "fields": {"content_type": 7, "object_id": 36, "text": "<p>123d13234t3453f4r34r34r34r</p>", "comment_time": "2020-11-27T15:52:31.841Z", "user": 2, "root": null, "parent": null, "reply_to": null}}, {"model": "comment.comment", "pk": 18, "fields": {"content_type": 7, "object_id": 36, "text": "<p>\u963f\u65af\u987f\u53d1\u9001\u5230</p>", "comment_time": "2020-11-27T15:53:10.149Z", "user": 2, "root": null, "parent": null, "reply_to": null}}, {"model": "comment.comment", "pk": 19, "fields": {"content_type": 7, "object_id": 36, "text": "<p>\u963f\u65af\u8482\u82ac\u548c\u4e2a\u4eba</p>", "comment_time": "2020-11-27T15:53:30.014Z", "user": 2, "root": null, "parent": null, "reply_to": null}}, {"model": "comment.comment", "pk": 20, "fields": {"content_type": 7, "object_id": 36, "text": "<p>\u56db\u5927\u5206\u536b\u548c\u95ee\u9898\u4e86</p>", "comment_time": "2020-11-27T15:55:58.670Z", "user": 2, "root": null, "parent": null, "reply_to": null}}, {"model": "comment.comment", "pk": 21, "fields": {"content_type": 7, "object_id": 36, "text": "<p>\u6e29\u548c\u901a\u8fc7VB</p>", "comment_time": "2020-11-27T15:57:27.081Z", "user": 2, "root": null, "parent": null, "reply_to": null}}, {"model": "comment.comment", "pk": 22, "fields": {"content_type": 7, "object_id": 36, "text": "<p>\u738b\u4f01\u9e45\u53f7\u6587\u5316</p>", "comment_time": "2020-11-27T15:58:16.650Z", "user": 2, "root": null, "parent": null, "reply_to": null}}, {"model": "comment.comment", "pk": 23, "fields": {"content_type": 7, "object_id": 36, "text": "<p>jfuihwqeuifiuhew&nbsp;</p>", "comment_time": "2020-11-27T16:01:12.021Z", "user": 2, "root": null, "parent": null, "reply_to": null}}, {"model": "comment.comment", "pk": 24, "fields": {"content_type": 7, "object_id": 36, "text": "<p>\u526f\u9a7e\u9a76\u6bb4\u6253\u56de\u5bb6\u54e6is\u591a\u4e45\u54e6IEio</p>", "comment_time": "2020-11-27T16:02:38.218Z", "user": 2, "root": null, "parent": null, "reply_to": null}}, {"model": "comment.comment", "pk": 25, "fields": {"content_type": 7, "object_id": 36, "text": "<p><strong>\u526f\u9a7e\u9a76\u6bb4\u6253\u56de\u5bb6\u54e6i</strong>s\u591a\u4e45\u54e6IEio</p>", "comment_time": "2020-11-27T16:06:07.439Z", "user": 2, "root": null, "parent": null, "reply_to": null}}, {"model": "comment.comment", "pk": 26, "fields": {"content_type": 7, "object_id": 36, "text": "<p><strong>&lt;h1&gt;\u597d\u8bfb\u4e66\u8ba1\u5212\u548c\u793e\u4f1a&lt;/h1&gt;</strong></p>", "comment_time": "2020-11-27T16:06:28.136Z", "user": 2, "root": null, "parent": null, "reply_to": null}}, {"model": "comment.comment", "pk": 27, "fields": {"content_type": 7, "object_id": 36, "text": "<p><strong>&lt;h1&gt;\u597d\u8bfb\u4e66</strong>\u8ba1\u5212\u548c\u793e<strong>\u4f1a&lt;/h1&gt;sas&nbsp;</strong>asdasd</p>", "comment_time": "2020-11-27T16:06:37.808Z", "user": 2, "root": null, "parent": null, "reply_to": null}}, {"model": "comment.comment", "pk": 28, "fields": {"content_type": 7, "object_id": 36, "text": "<p><strong>&lt;h1 style=&quot;color:&#39;red&#39;&quot;&gt;\u597d\u8bfb\u4e66</strong>\u8ba1\u5212\u548c\u793e<strong>\u4f1a&lt;/h1&gt;</strong></p>", "comment_time": "2020-11-27T16:06:57.807Z", "user": 2, "root": null, "parent": null, "reply_to": null}}, {"model": "comment.comment", "pk": 29, "fields": {"content_type": 7, "object_id": 36, "text": "<p>&lt;script&gt; window.open(&quot;https://baidu.com&quot;) &lt;/script&gt;</p>", "comment_time": "2020-11-27T16:09:32.402Z", "user": 2, "root": null, "parent": null, "reply_to": null}}, {"model": "comment.comment", "pk": 30, "fields": {"content_type": 7, "object_id": 36, "text": "<p>\u6c99\u53d1\u6587\u5316</p>", "comment_time": "2020-11-27T16:10:18.721Z", "user": 2, "root": null, "parent": null, "reply_to": null}}, {"model": "comment.comment", "pk": 31, "fields": {"content_type": 7, "object_id": 36, "text": "<p>\u9694\u70ed\u4e2a\u4eba</p>", "comment_time": "2020-11-27T16:10:24.541Z", "user": 2, "root": null, "parent": null, "reply_to": null}}, {"model": "comment.comment", "pk": 32, "fields": {"content_type": 7, "object_id": 36, "text": "<p><img alt=\"broken heart\" height=\"23\" src=\"http://127.0.0.1:8000/static/ckeditor/ckeditor/plugins/smiley/images/broken_heart.png\" title=\"broken heart\" width=\"23\" /></p>", "comment_time": "2020-11-27T16:19:09.081Z", "user": 2, "root": null, "parent": null, "reply_to": null}}, {"model": "comment.comment", "pk": 33, "fields": {"content_type": 7, "object_id": 36, "text": "123123", "comment_time": "2020-11-27T16:40:25.274Z", "user": 1, "root": null, "parent": null, "reply_to": null}}, {"model": "comment.comment", "pk": 34, "fields": {"content_type": 7, "object_id": 36, "text": "123123", "comment_time": "2020-11-27T16:43:30.687Z", "user": 1, "root": null, "parent": 33, "reply_to": null}}, {"model": "comment.comment", "pk": 35, "fields": {"content_type": 7, "object_id": 36, "text": "123123123123", "comment_time": "2020-11-27T16:57:32.728Z", "user": 1, "root": 33, "parent": 33, "reply_to": 2}}, {"model": "comment.comment", "pk": 36, "fields": {"content_type": 7, "object_id": 36, "text": "\u6d4b\u8bd501", "comment_time": "2020-11-27T18:46:16.500Z", "user": 1, "root": 32, "parent": 32, "reply_to": 1}}, {"model": "comment.comment", "pk": 37, "fields": {"content_type": 7, "object_id": 36, "text": "<p>123123</p>", "comment_time": "2020-11-27T19:19:54.798Z", "user": 1, "root": 32, "parent": 36, "reply_to": 1}}, {"model": "comment.comment", "pk": 38, "fields": {"content_type": 7, "object_id": 36, "text": "<p><img alt=\"mail\" height=\"23\" src=\"http://127.0.0.1:8000/static/ckeditor/ckeditor/plugins/smiley/images/envelope.png\" title=\"mail\" width=\"23\" /></p>", "comment_time": "2020-11-27T19:20:39.359Z", "user": 1, "root": null, "parent": null, "reply_to": null}}, {"model": "comment.comment", "pk": 39, "fields": {"content_type": 7, "object_id": 35, "text": "<p><img alt=\"devil\" height=\"23\" src=\"http://127.0.0.1:8000/static/ckeditor/ckeditor/plugins/smiley/images/devil_smile.png\" title=\"devil\" width=\"23\" /></p>", "comment_time": "2020-11-27T19:21:02.749Z", "user": 1, "root": null, "parent": null, "reply_to": null}}, {"model": "comment.comment", "pk": 40, "fields": {"content_type": 7, "object_id": 35, "text": "<p>\u9762\u8985\u718a\u8985</p>", "comment_time": "2020-11-27T19:21:10.886Z", "user": 1, "root": 39, "parent": 39, "reply_to": 1}}, {"model": "comment.comment", "pk": 41, "fields": {"content_type": 7, "object_id": 36, "text": "<p>123132</p>", "comment_time": "2020-11-27T19:42:12.199Z", "user": 1, "root": 31, "parent": 31, "reply_to": 2}}, {"model": "comment.comment", "pk": 42, "fields": {"content_type": 7, "object_id": 36, "text": "<p>\u8fde\u63a5\u8bbf\u95ee\u79ef\u6781\u6b27\u59d4\u4f1a</p>", "comment_time": "2020-11-27T19:43:46.753Z", "user": 1, "root": 28, "parent": 28, "reply_to": 2}}, {"model": "comment.comment", "pk": 43, "fields": {"content_type": 7, "object_id": 36, "text": "<p><img alt=\"frown\" height=\"23\" src=\"http://127.0.0.1:8000/static/ckeditor/ckeditor/plugins/smiley/images/confused_smile.png\" title=\"frown\" width=\"23\" /><img alt=\"cool\" height=\"23\" src=\"http://127.0.0.1:8000/static/ckeditor/ckeditor/plugins/smiley/images/shades_smile.png\" title=\"cool\" width=\"23\" /></p>", "comment_time": "2020-11-27T19:45:10.513Z", "user": 1, "root": 38, "parent": 38, "reply_to": 1}}, {"model": "comment.comment", "pk": 44, "fields": {"content_type": 7, "object_id": 36, "text": "<p>123123</p>", "comment_time": "2020-11-27T19:47:08.672Z", "user": 1, "root": 38, "parent": 43, "reply_to": 1}}, {"model": "comment.comment", "pk": 45, "fields": {"content_type": 7, "object_id": 36, "text": "<p>\u6839\u6570\u636e01</p>", "comment_time": "2020-11-27T19:51:25.236Z", "user": 1, "root": null, "parent": null, "reply_to": null}}, {"model": "comment.comment", "pk": 46, "fields": {"content_type": 7, "object_id": 36, "text": "<p>\u6839\u6570\u636e01</p>", "comment_time": "2020-11-27T19:51:34.390Z", "user": 1, "root": null, "parent": null, "reply_to": null}}, {"model": "comment.comment", "pk": 47, "fields": {"content_type": 7, "object_id": 36, "text": "<p>\u6839\u6570\u636e01</p>", "comment_time": "2020-11-27T19:52:06.844Z", "user": 1, "root": null, "parent": null, "reply_to": null}}, {"model": "comment.comment", "pk": 48, "fields": {"content_type": 7, "object_id": 36, "text": "<p>\u652f\u6570\u636e01</p>", "comment_time": "2020-11-27T19:52:44.632Z", "user": 1, "root": 47, "parent": 47, "reply_to": 1}}, {"model": "comment.comment", "pk": 49, "fields": {"content_type": 7, "object_id": 36, "text": "<p>\u652f\u6570\u636e02</p>", "comment_time": "2020-11-27T19:53:04.313Z", "user": 1, "root": 47, "parent": 48, "reply_to": 1}}, {"model": "comment.comment", "pk": 50, "fields": {"content_type": 7, "object_id": 36, "text": "<p>\u652f\u6570\u636e03</p>", "comment_time": "2020-11-27T19:53:24.357Z", "user": 1, "root": 47, "parent": 49, "reply_to": 1}}, {"model": "comment.comment", "pk": 51, "fields": {"content_type": 7, "object_id": 36, "text": "<p>\u652f\u6570\u636e01_01</p>", "comment_time": "2020-11-27T19:54:58.060Z", "user": 1, "root": 47, "parent": 48, "reply_to": 1}}, {"model": "comment.comment", "pk": 52, "fields": {"content_type": 7, "object_id": 36, "text": "<p>\u652f\u6570\u636e01_02</p>", "comment_time": "2020-11-27T19:55:27.803Z", "user": 1, "root": 47, "parent": 48, "reply_to": 1}}, {"model": "comment.comment", "pk": 53, "fields": {"content_type": 7, "object_id": 36, "text": "<p>\u652f\u6570\u636e01_03</p>", "comment_time": "2020-11-27T19:57:29.682Z", "user": 3, "root": 47, "parent": 52, "reply_to": 1}}, {"model": "comment.comment", "pk": 54, "fields": {"content_type": 7, "object_id": 36, "text": "<p>\u666e\u901a\u7684</p>", "comment_time": "2020-11-27T20:02:58.519Z", "user": 1, "root": null, "parent": null, "reply_to": null}}, {"model": "comment.comment", "pk": 55, "fields": {"content_type": 7, "object_id": 36, "text": "<p>\u5206\u652f01</p>", "comment_time": "2020-11-27T20:03:25.857Z", "user": 1, "root": 54, "parent": 54, "reply_to": 1}}, {"model": "comment.comment", "pk": 56, "fields": {"content_type": 7, "object_id": 36, "text": "<blockquote>\r\n<p>\u5f6d\u6770</p>\r\n</blockquote>", "comment_time": "2020-11-27T20:10:03.310Z", "user": 1, "root": null, "parent": null, "reply_to": null}}, {"model": "comment.comment", "pk": 57, "fields": {"content_type": 7, "object_id": 33, "text": "<p>\u306e\u989d3\u989d23</p>", "comment_time": "2020-11-27T20:54:10.913Z", "user": 1, "root": null, "parent": null, "reply_to": null}}, {"model": "comment.comment", "pk": 58, "fields": {"content_type": 7, "object_id": 34, "text": "<p>13123</p>", "comment_time": "2020-11-27T21:01:07.690Z", "user": 1, "root": null, "parent": null, "reply_to": null}}, {"model": "comment.comment", "pk": 59, "fields": {"content_type": 7, "object_id": 36, "text": "<p>\u6211\u5f53\u5e74\u5927</p>", "comment_time": "2020-11-27T21:03:22.081Z", "user": 1, "root": null, "parent": null, "reply_to": null}}, {"model": "comment.comment", "pk": 60, "fields": {"content_type": 7, "object_id": 36, "text": "<p>\u95ee\u4e86\u6211\u82e5</p>", "comment_time": "2020-11-27T21:04:05.561Z", "user": 1, "root": 47, "parent": 53, "reply_to": 3}}, {"model": "comment.comment", "pk": 61, "fields": {"content_type": 7, "object_id": 36, "text": "<p>e23e23</p>", "comment_time": "2020-11-27T21:06:55.971Z", "user": 1, "root": null, "parent": null, "reply_to": null}}, {"model": "comment.comment", "pk": 62, "fields": {"content_type": 7, "object_id": 36, "text": "<p>23e32e23e23</p>", "comment_time": "2020-11-27T21:07:11.555Z", "user": 1, "root": null, "parent": null, "reply_to": null}}, {"model": "comment.comment", "pk": 63, "fields": {"content_type": 7, "object_id": 36, "text": "<p>dqdqwdqwdq</p>", "comment_time": "2020-11-27T21:08:30.972Z", "user": 1, "root": null, "parent": null, "reply_to": null}}, {"model": "comment.comment", "pk": 64, "fields": {"content_type": 7, "object_id": 36, "text": "<p>dwedwedwe</p>", "comment_time": "2020-11-27T21:10:52.830Z", "user": 1, "root": null, "parent": null, "reply_to": null}}, {"model": "comment.comment", "pk": 65, "fields": {"content_type": 7, "object_id": 36, "text": "<p>\u6492\u6253\u53d1\u65af\u8482\u82ac</p>", "comment_time": "2020-11-27T21:10:58.878Z", "user": 1, "root": 47, "parent": 53, "reply_to": 3}}, {"model": "comment.comment", "pk": 66, "fields": {"content_type": 7, "object_id": 36, "text": "<p>\u914d\u8d27\u4e8c\u5206</p>", "comment_time": "2020-11-27T21:16:05.962Z", "user": 1, "root": null, "parent": null, "reply_to": null}}, {"model": "comment.comment", "pk": 67, "fields": {"content_type": 7, "object_id": 36, "text": "<p>asfwe</p>", "comment_time": "2020-11-28T16:05:40.431Z", "user": 3, "root": null, "parent": null, "reply_to": null}}, {"model": "comment.comment", "pk": 68, "fields": {"content_type": 7, "object_id": 36, "text": "<p>d23asdf</p>", "comment_time": "2020-11-28T16:06:35.149Z", "user": 3, "root": null, "parent": null, "reply_to": null}}, {"model": "comment.comment", "pk": 69, "fields": {"content_type": 7, "object_id": 36, "text": "<p>geergergr</p>", "comment_time": "2020-11-28T16:11:52.137Z", "user": 3, "root": null, "parent": null, "reply_to": null}}, {"model": "comment.comment", "pk": 70, "fields": {"content_type": 7, "object_id": 36, "text": "<p>ertert</p>", "comment_time": "2020-11-28T16:11:59.434Z", "user": 3, "root": 69, "parent": 69, "reply_to": 3}}, {"model": "comment.comment", "pk": 71, "fields": {"content_type": 7, "object_id": 36, "text": "<p>eorfoer</p>", "comment_time": "2020-11-28T16:14:53.899Z", "user": 3, "root": null, "parent": null, "reply_to": null}}, {"model": "comment.comment", "pk": 72, "fields": {"content_type": 7, "object_id": 36, "text": "<p>e23e23e2</p>", "comment_time": "2020-11-28T16:15:44.383Z", "user": 3, "root": null, "parent": null, "reply_to": null}}, {"model": "comment.comment", "pk": 73, "fields": {"content_type": 7, "object_id": 36, "text": "<p>e23e23</p>", "comment_time": "2020-11-28T16:20:33.098Z", "user": 3, "root": null, "parent": null, "reply_to": null}}, {"model": "comment.comment", "pk": 74, "fields": {"content_type": 7, "object_id": 35, "text": "<p>123123</p>", "comment_time": "2020-11-30T16:25:35.298Z", "user": 4, "root": 39, "parent": 40, "reply_to": 1}}, {"model": "comment.comment", "pk": 75, "fields": {"content_type": 7, "object_id": 36, "text": "<p>\u6d4b\u8bd5\u90ae\u7bb1</p>", "comment_time": "2020-11-30T20:04:49.428Z", "user": 4, "root": null, "parent": null, "reply_to": null}}, {"model": "comment.comment", "pk": 76, "fields": {"content_type": 7, "object_id": 36, "text": "<p>\u6d4b\u8bd5\u6d4b\u8bd5</p>", "comment_time": "2020-11-30T20:05:40.999Z", "user": 1, "root": 75, "parent": 75, "reply_to": 4}}, {"model": "comment.comment", "pk": 77, "fields": {"content_type": 7, "object_id": 36, "text": "<p>https://www.bilibili.com/video/BV1Zs411L76u</p>", "comment_time": "2020-11-30T20:09:01.967Z", "user": 1, "root": null, "parent": null, "reply_to": null}}, {"model": "comment.comment", "pk": 78, "fields": {"content_type": 7, "object_id": 36, "text": "<p>\u591a\u7ebf\u7a0b</p>", "comment_time": "2020-11-30T20:22:33.185Z", "user": 1, "root": 75, "parent": 75, "reply_to": 4}}, {"model": "comment.comment", "pk": 79, "fields": {"content_type": 7, "object_id": 36, "text": "<p>\u5403\u7684</p>", "comment_time": "2020-11-30T20:32:34.024Z", "user": 1, "root": 75, "parent": 75, "reply_to": 4}}, {"model": "comment.comment", "pk": 80, "fields": {"content_type": 7, "object_id": 36, "text": "<p>\u518d\u6b21\u6d4b\u8bd5</p>\r\n\r\n<p>&nbsp;</p>", "comment_time": "2020-11-30T20:33:11.006Z", "user": 1, "root": 75, "parent": 75, "reply_to": 4}}, {"model": "comment.comment", "pk": 81, "fields": {"content_type": 7, "object_id": 36, "text": "<p><strong>123123</strong></p>\r\n\r\n<p><strong><span style=\"background-color:#2980b9\">123123</span></strong></p>", "comment_time": "2020-11-30T21:02:58.360Z", "user": 1, "root": 75, "parent": 75, "reply_to": 4}}, {"model": "comment.comment", "pk": 82, "fields": {"content_type": 7, "object_id": 36, "text": "<p><strong>123d1</strong></p>\r\n\r\n<ul>\r\n\t<li><strong>weqfwe</strong></li>\r\n\t<li><strong>wefwef</strong></li>\r\n\t<li><strong>qwefwe</strong></li>\r\n</ul>\r\n\r\n<p>&nbsp;</p>", "comment_time": "2020-11-30T21:05:27.508Z", "user": 1, "root": null, "parent": null, "reply_to": null}}, {"model": "comment.comment", "pk": 83, "fields": {"content_type": 7, "object_id": 36, "text": "<ul>\r\n\t<li>sadf asf</li>\r\n\t<li>asdf</li>\r\n\t<li>asdf</li>\r\n</ul>\r\n\r\n<p><s>sadfasdfasfd</s></p>", "comment_time": "2020-11-30T21:05:49.475Z", "user": 1, "root": 75, "parent": 75, "reply_to": 4}}, {"model": "likes.likerecord", "pk": 13, "fields": {"content_type": 7, "object_id": 36, "user": 1, "liked_time": "2020-11-28T15:42:52.730Z"}}, {"model": "likes.likerecord", "pk": 15, "fields": {"content_type": 12, "object_id": 66, "user": 1, "liked_time": "2020-11-28T15:47:28.341Z"}}, {"model": "likes.likerecord", "pk": 16, "fields": {"content_type": 12, "object_id": 64, "user": 1, "liked_time": "2020-11-28T15:47:29.434Z"}}, {"model": "likes.likerecord", "pk": 17, "fields": {"content_type": 12, "object_id": 63, "user": 1, "liked_time": "2020-11-28T15:47:29.975Z"}}, {"model": "likes.likerecord", "pk": 20, "fields": {"content_type": 12, "object_id": 68, "user": 3, "liked_time": "2020-11-28T16:12:20.591Z"}}, {"model": "likes.likerecord", "pk": 27, "fields": {"content_type": 12, "object_id": 71, "user": 3, "liked_time": "2020-11-28T16:18:12.537Z"}}, {"model": "likes.likerecord", "pk": 33, "fields": {"content_type": 12, "object_id": 73, "user": 3, "liked_time": "2020-11-28T16:20:34.990Z"}}, {"model": "likes.likerecord", "pk": 34, "fields": {"content_type": 7, "object_id": 31, "user": 3, "liked_time": "2020-11-29T17:22:54.170Z"}}, {"model": "likes.likerecord", "pk": 35, "fields": {"content_type": 12, "object_id": 51, "user": 3, "liked_time": "2020-11-29T17:23:10.298Z"}}, {"model": "likes.likerecord", "pk": 36, "fields": {"content_type": 12, "object_id": 45, "user": 3, "liked_time": "2020-11-29T17:23:13.175Z"}}, {"model": "likes.likerecord", "pk": 37, "fields": {"content_type": 12, "object_id": 69, "user": 3, "liked_time": "2020-11-29T17:23:22.585Z"}}, {"model": "likes.likerecord", "pk": 38, "fields": {"content_type": 7, "object_id": 36, "user": 4, "liked_time": "2020-11-30T16:25:13.267Z"}}, {"model": "likes.likerecord", "pk": 39, "fields": {"content_type": 7, "object_id": 31, "user": 4, "liked_time": "2020-11-30T16:25:22.500Z"}}, {"model": "likes.likerecord", "pk": 40, "fields": {"content_type": 7, "object_id": 35, "user": 4, "liked_time": "2020-11-30T16:25:26.478Z"}}, {"model": "likes.likerecord", "pk": 41, "fields": {"content_type": 12, "object_id": 39, "user": 4, "liked_time": "2020-11-30T16:25:30.048Z"}}, {"model": "likes.likerecord", "pk": 42, "fields": {"content_type": 12, "object_id": 40, "user": 4, "liked_time": "2020-11-30T16:25:31.954Z"}}, {"model": "likes.likerecord", "pk": 43, "fields": {"content_type": 12, "object_id": 74, "user": 4, "liked_time": "2020-11-30T16:25:39.922Z"}}, {"model": "likes.likerecord", "pk": 44, "fields": {"content_type": 12, "object_id": 75, "user": 4, "liked_time": "2020-11-30T20:04:52.135Z"}}, {"model": "likes.likerecord", "pk": 45, "fields": {"content_type": 12, "object_id": 75, "user": 1, "liked_time": "2020-11-30T20:05:34.998Z"}}, {"model": "likes.likerecord", "pk": 46, "fields": {"content_type": 12, "object_id": 79, "user": 1, "liked_time": "2020-11-30T20:33:25.820Z"}}, {"model": "user.profile", "pk": 1, "fields": {"user": 1, "nickname": "\u5f6d\u6770"}}, {"model": "user.profile", "pk": 2, "fields": {"user": 3, "nickname": "\u6d4b\u8bd5\u6635\u79f0"}}, {"model": "admin.logentry", "pk": 1, "fields": {"action_time": "2020-11-19T14:29:44.607Z", "user": 1, "content_type": 8, "object_id": "1", "object_repr": "BlogType object (1)", "action_flag": 1, "change_message": "[{\"added\": {}}]"}}, {"model": "admin.logentry", "pk": 2, "fields": {"action_time": "2020-11-19T14:29:55.270Z", "user": 1, "content_type": 8, "object_id": "2", "object_repr": "BlogType object (2)", "action_flag": 1, "change_message": "[{\"added\": {}}]"}}, {"model": "admin.logentry", "pk": 3, "fields": {"action_time": "2020-11-19T14:29:59.777Z", "user": 1, "content_type": 8, "object_id": "3", "object_repr": "BlogType object (3)", "action_flag": 1, "change_message": "[{\"added\": {}}]"}}, {"model": "admin.logentry", "pk": 4, "fields": {"action_time": "2020-11-19T14:31:58.499Z", "user": 1, "content_type": 7, "object_id": "1", "object_repr": "<Blog:\u7b2c\u4e00\u7bc7\u535a\u5ba2>", "action_flag": 1, "change_message": "[{\"added\": {}}]"}}, {"model": "admin.logentry", "pk": 5, "fields": {"action_time": "2020-11-21T06:25:35.860Z", "user": 1, "content_type": 7, "object_id": "2", "object_repr": "<Blog:\u7b2c\u4e8c\u7bc7\u535a\u5ba2>", "action_flag": 1, "change_message": "[{\"added\": {}}]"}}, {"model": "admin.logentry", "pk": 6, "fields": {"action_time": "2020-11-21T06:29:23.256Z", "user": 1, "content_type": 7, "object_id": "3", "object_repr": "<Blog:\u957f\u5185\u5bb9\u7684\u535a\u5ba2>", "action_flag": 1, "change_message": "[{\"added\": {}}]"}}, {"model": "admin.logentry", "pk": 7, "fields": {"action_time": "2020-11-21T06:43:27.099Z", "user": 1, "content_type": 7, "object_id": "4", "object_repr": "<Blog:Dajngo1>", "action_flag": 1, "change_message": "[{\"added\": {}}]"}}, {"model": "admin.logentry", "pk": 8, "fields": {"action_time": "2020-11-21T14:24:08.047Z", "user": 1, "content_type": 7, "object_id": "3", "object_repr": "<Blog:\u957f\u5185\u5bb9\u7684\u535a\u5ba2>", "action_flag": 2, "change_message": "[{\"changed\": {\"fields\": [\"content\"]}}]"}}, {"model": "admin.logentry", "pk": 9, "fields": {"action_time": "2020-11-21T14:24:23.418Z", "user": 1, "content_type": 7, "object_id": "3", "object_repr": "<Blog:\u957f\u5185\u5bb9\u7684\u535a\u5ba2>", "action_flag": 2, "change_message": "[{\"changed\": {\"fields\": [\"content\"]}}]"}}, {"model": "admin.logentry", "pk": 10, "fields": {"action_time": "2020-11-21T14:26:42.191Z", "user": 1, "content_type": 7, "object_id": "3", "object_repr": "<Blog:\u957f\u5185\u5bb9\u7684\u535a\u5ba2>", "action_flag": 2, "change_message": "[{\"changed\": {\"fields\": [\"content\"]}}]"}}, {"model": "admin.logentry", "pk": 11, "fields": {"action_time": "2020-11-21T14:27:21.378Z", "user": 1, "content_type": 7, "object_id": "3", "object_repr": "<Blog:\u957f\u5185\u5bb9\u7684\u535a\u5ba2>", "action_flag": 2, "change_message": "[{\"changed\": {\"fields\": [\"content\"]}}]"}}, {"model": "admin.logentry", "pk": 12, "fields": {"action_time": "2020-11-21T14:34:10.279Z", "user": 1, "content_type": 7, "object_id": "3", "object_repr": "<Blog:\u957f\u5185\u5bb9\u7684\u535a\u5ba2>", "action_flag": 2, "change_message": "[{\"changed\": {\"fields\": [\"content\"]}}]"}}, {"model": "admin.logentry", "pk": 13, "fields": {"action_time": "2020-11-21T14:34:32.422Z", "user": 1, "content_type": 7, "object_id": "3", "object_repr": "<Blog:\u957f\u5185\u5bb9\u7684\u535a\u5ba2>", "action_flag": 2, "change_message": "[{\"changed\": {\"fields\": [\"content\"]}}]"}}, {"model": "admin.logentry", "pk": 14, "fields": {"action_time": "2020-11-21T14:34:44.852Z", "user": 1, "content_type": 7, "object_id": "3", "object_repr": "<Blog:\u957f\u5185\u5bb9\u7684\u535a\u5ba2>", "action_flag": 2, "change_message": "[{\"changed\": {\"fields\": [\"content\"]}}]"}}, {"model": "admin.logentry", "pk": 15, "fields": {"action_time": "2020-11-23T11:15:38.233Z", "user": 1, "content_type": 7, "object_id": "36", "object_repr": "<Blog:\u6709\u56fe\u50cf\u7684>", "action_flag": 1, "change_message": "[{\"added\": {}}]"}}, {"model": "admin.logentry", "pk": 16, "fields": {"action_time": "2020-11-24T05:37:35.585Z", "user": 1, "content_type": 9, "object_id": "1", "object_repr": "ReadNum object (1)", "action_flag": 1, "change_message": "[{\"added\": {}}]"}}, {"model": "admin.logentry", "pk": 17, "fields": {"action_time": "2020-11-24T06:42:04.855Z", "user": 1, "content_type": 10, "object_id": "1", "object_repr": "ReadNum object (1)", "action_flag": 1, "change_message": "[{\"added\": {}}]"}}, {"model": "admin.logentry", "pk": 18, "fields": {"action_time": "2020-11-24T07:26:51.866Z", "user": 1, "content_type": 11, "object_id": "1", "object_repr": "ReadDetaill object (1)", "action_flag": 1, "change_message": "[{\"added\": {}}]"}}, {"model": "admin.logentry", "pk": 19, "fields": {"action_time": "2020-11-24T07:38:36.541Z", "user": 1, "content_type": 11, "object_id": "1", "object_repr": "ReadDetaill object (1)", "action_flag": 2, "change_message": "[{\"changed\": {\"fields\": [\"date\"]}}]"}}, {"model": "admin.logentry", "pk": 20, "fields": {"action_time": "2020-11-24T08:02:38.986Z", "user": 1, "content_type": 11, "object_id": "1", "object_repr": "ReadDetaill object (1)", "action_flag": 2, "change_message": "[{\"changed\": {\"fields\": [\"date\"]}}]"}}, {"model": "admin.logentry", "pk": 21, "fields": {"action_time": "2020-11-27T16:40:25.276Z", "user": 1, "content_type": 12, "object_id": "33", "object_repr": "Comment object (33)", "action_flag": 1, "change_message": "[{\"added\": {}}]"}}, {"model": "admin.logentry", "pk": 22, "fields": {"action_time": "2020-11-27T16:43:30.689Z", "user": 1, "content_type": 12, "object_id": "34", "object_repr": "123123", "action_flag": 1, "change_message": "[{\"added\": {}}]"}}, {"model": "admin.logentry", "pk": 23, "fields": {"action_time": "2020-11-27T16:57:32.729Z", "user": 1, "content_type": 12, "object_id": "35", "object_repr": "123123123123", "action_flag": 1, "change_message": "[{\"added\": {}}]"}}, {"model": "admin.logentry", "pk": 24, "fields": {"action_time": "2020-11-27T18:46:16.502Z", "user": 1, "content_type": 12, "object_id": "36", "object_repr": "\u6d4b\u8bd501", "action_flag": 1, "change_message": "[{\"added\": {}}]"}}, {"model": "admin.logentry", "pk": 25, "fields": {"action_time": "2020-11-28T14:57:09.843Z", "user": 1, "content_type": 14, "object_id": "1", "object_repr": "LikeRecord object (1)", "action_flag": 3, "change_message": ""}}, {"model": "admin.logentry", "pk": 26, "fields": {"action_time": "2020-11-29T16:58:25.471Z", "user": 1, "content_type": 15, "object_id": "1", "object_repr": "<Profile:\u5f6d\u6770 for pengjie>", "action_flag": 1, "change_message": "[{\"added\": {}}]"}}, {"model": "admin.logentry", "pk": 27, "fields": {"action_time": "2020-11-30T13:38:21.711Z", "user": 1, "content_type": 4, "object_id": "3", "object_repr": "test02", "action_flag": 2, "change_message": "[{\"changed\": {\"fields\": [\"email\", \"last_login\"]}}]"}}, {"model": "admin.logentry", "pk": 28, "fields": {"action_time": "2020-11-30T15:03:01.735Z", "user": 1, "content_type": 4, "object_id": "3", "object_repr": "test02", "action_flag": 2, "change_message": "[{\"changed\": {\"fields\": [\"email\", \"last_login\"]}}]"}}, {"model": "admin.logentry", "pk": 29, "fields": {"action_time": "2020-11-30T15:29:54.649Z", "user": 1, "content_type": 4, "object_id": "3", "object_repr": "test02", "action_flag": 2, "change_message": "[{\"changed\": {\"fields\": [\"email\", \"last_login\"]}}]"}}, {"model": "admin.logentry", "pk": 30, "fields": {"action_time": "2020-11-30T16:23:00.458Z", "user": 1, "content_type": 4, "object_id": "3", "object_repr": "test02", "action_flag": 2, "change_message": "[{\"changed\": {\"fields\": [\"email\", \"last_login\"]}}]"}}]